TCP_sent,TCP_recv,DISK_read,DISK_write,DISK_read_cnt,DISK_write_cnt,CPU_usage
0,0,159744,1380352,11,263,0.530683515
0,0,8192,913408,3,265,0.508282903
0,0,4710400,13078528,177,660,0.515674187
0,0,40960,851968,1,261,0.511013497
0,0,8192,1073152,2,277,0.505745186
0,0,40960,843776,2,264,0.510313209
0,0,24576,1024000,3,277,0.50418024
0,0,0,901120,1,279,0.519573888
0,0,3858432,12894208,235,672,0.525777488
0,0,0,790528,0,291,0.514460499
0,0,65536,1028096,4,295,0.509516285
0,0,4096,770048,1,297,0.508577733
0,0,86016,1052672,7,339,0.508178788
0,0,8192,815104,2,281,0.506766382
0,0,65536,970752,4,289,0.510485403
0,0,12288,741376,2,295,0.510720742
0,0,49152,937984,3,301,0.512229188
0,0,0,696320,0,275,0.520832921
0,0,77824,1089536,7,298,0.504953644
0,0,24576,811008,1,257,0.504349335

SYSBENCH OUTPUT:
sysbench 1.0.20 (using bundled LuaJIT 2.1.0-beta2)

Running the test with following options:
Number of threads: 1
Initializing random number generator from current time


Initializing worker threads...

Threads started!

SQL statistics:
queries performed:
read:                            12348
write:                           3528
other:                           1764
total:                           17640
transactions:                        882    (88.17 per sec.)
queries:                             17640  (1763.38 per sec.)
ignored errors:                      0      (0.00 per sec.)
reconnects:                          0      (0.00 per sec.)

General statistics:
total time:                          10.0027s
total number of events:              882

Latency (ms):
min:                                    6.43
avg:                                   11.34
max:                                   30.25
95th percentile:                       16.12
sum:                                 9997.57

Threads fairness:
events (avg/stddev):           882.0000/0.00
execution time (avg/stddev):   9.9976/0.00


TEST_INFO: --table-size=2000 --tables=10 /usr/share/sysbench/oltp_read_write.lua run interval = 0.5s
